FechaHora,USD_CAD,USD_COP,CAD_COP
2025-06-13 18:35:04,1.3586,4123,3034.63
2025-06-14 18:35:04,1.3586,4135.5199,3043.8449
2025-06-15 18:32:15,1.3586,4135.5199,3043.8449
2025-06-16 18:33:04,1.3571,4100.5,3021.5499
2025-06-17 18:34:04,1.3687,4102,2997.0811
2025-06-18 18:33:15,1.3697,4070.22,2971.6034
2025-06-19 18:34:05,1.3697,4083,2980.9121
2025-06-20 18:34:04,1.3732,4079.75,2971.0884
2025-06-21 18:33:04,1.3726,4082.6719,2974.2993
2025-06-22 18:33:16,1.3742,4082.6719,2970.9553
2025-06-23 18:31:04,1.3726,4084,2975.4402
2025-06-24 18:35:08,1.3725,4078.3,2971.4282
2025-06-25 18:34:15,1.3717,4057.94,2958.232
2025-06-26 18:35:04,1.3643,4045.5,2965.246
2025-06-27 18:34:16,1.3709,4088.25,2982.0562
2025-06-28 18:33:15,1.3711,4037.1934,2944.5997
2025-06-29 18:33:05,1.3682,4037.1934,2950.8197
2025-06-30 18:34:04,1.3607,4089.5,3005.5378
2025-07-01 18:34:05,1.3644,4030.03,2953.6471
2025-07-02 18:35:04,1.3586,3990.75,2937.2907
2025-07-03 18:35:15,1.3578,3990,2938.6637
2025-07-04 18:33:04,1.3611,4000.44,2939.2307
2025-07-05 18:34:04,1.361,3981.0672,2925.2119
2025-07-06 18:34:04,1.3606,4001.65,2940.9841
2025-07-07 18:34:15,1.3667,4032.1,2950.1912
2025-07-08 18:35:04,1.3666,4051.63,2964.8062
2025-07-09 18:36:03,1.3687,4023.25,2939.5003
2025-07-10 18:35:04,1.3654,4015.7,2940.946
2025-07-11 18:35:20,1.37,3999,2919.0846
2025-07-12 18:37:15,1.3698,4013.424,2930.0412
2025-07-13 18:35:06,1.3689,4013.42,2931.9541
2025-07-14 18:35:04,1.3708,4010.5,2925.6959
2025-07-15 18:35:18,1.372,4035.5,2941.3051
2025-07-16 18:36:04,1.3689,4014.63,2932.7309
2025-07-17 18:37:16,1.3738,4022.16,2927.869
2025-07-18 18:36:22,1.3734,4007,2917.683
2025-07-19 18:39:04,1.3733,4021.755,2928.6401
2025-07-20 18:37:04,1.3727,4021.76,2929.7104
2025-07-21 18:37:04,1.3681,4035.34,2949.6267
2025-07-22 18:37:17,1.3605,4072.56,2993.3959
2025-07-23 18:38:05,1.3603,4038.05,2968.5105
2025-07-24 18:37:04,1.3643,4073.76,2985.8614
2025-07-25 18:37:05,1.3695,4108.25,2999.927
2025-07-26 18:36:14,1.3695,4065.4552,2968.6773
2025-07-27 18:37:15,1.3698,4065.46,2967.8682
2025-07-28 18:39:17,1.3735,4175.34,3039.894
2025-07-29 18:38:04,1.3774,4136.5,3003.0237
2025-07-30 18:38:04,1.3828,4188.5,3029.0429
2025-07-31 18:37:16,1.3857,4186.71,3021.2919
2025-08-01 18:37:06,1.38,4124.99,2989.0149
2025-08-02 18:39:16,1.38,4123.3769,2988.0625
2025-08-03 18:37:04,1.3783,4124.17,2992.2042
2025-08-04 18:38:20,1.3771,4098.65,2976.3448
2025-08-05 18:38:05,1.3772,4090.25,2969.943
2025-08-06 18:37:04,1.3742,4045.32,2943.8386
2025-08-07 18:38:17,1.3735,4047,2946.3905
2025-08-08 18:35:23,1.3754,4044,2940.3425
2025-08-09 18:34:16,1.3755,4044.8908,2940.7763
2025-08-10 18:35:16,1.3752,4044.89,2941.3852
2025-08-11 18:34:16,1.3774,4029.54,2925.4152
2025-08-12 18:34:04,1.3769,4020.5,2919.8909
2025-08-13 18:34:05,1.3753,4023.5,2925.5542
2025-08-14 18:34:16,1.3814,4051.2,2932.7301
2025-08-15 18:34:04,1.382,4016,2906.0386
2025-08-16 18:32:17,1.382,4016,2906.0386
2025-08-17 18:34:17,1.3815,4046.91,2929.3488
2025-08-18 18:32:17,1.3805,4015,2908.3876
2025-08-19 18:31:19,1.3869,4033.63,2908.2735
2025-08-20 18:31:04,1.3873,4026.7,2902.6491
2025-08-21 18:31:05,1.3905,4034.45,2901.3549
2025-08-22 18:31:06,1.3835,4012,2899.9964
2025-08-23 18:30:07,1.3834,3986.6092,2881.8515
2025-08-24 18:31:18,1.3834,3986.6092,2881.8515
2025-08-25 18:32:08,1.386,4025.75,2904.5082
2025-08-26 18:30:09,1.3834,4055.12,2931.3746
2025-08-27 18:30:05,1.3783,4029.11,2923.14
2025-08-28 18:30:06,1.3751,4026.55,2928.2829
2025-08-29 18:30:08,1.3748,4017.25,2921.9551
2025-08-30 18:29:04,1.3744,4021.4759,2925.8801
2025-08-31 18:30:07,1.374,4021.4759,2926.8916
2025-09-01 18:30:09,1.3751,4015.1,2919.7861
2025-09-02 18:28:05,1.3785,4005.15,2905.4302
2025-09-03 18:29:07,1.3794,4006,2904.256
2025-09-04 18:29:05,1.382,3987,2885.0224
2025-09-05 18:29:06,1.3837,3958.25,2860.7307
2025-09-06 18:28:05,1.3834,3977.4792,2875.2515
2025-09-07 18:28:08,1.384,3977.4792,2873.9635
2025-09-08 18:30:08,1.3796,3940,2855.8278
2025-09-09 18:28:04,1.3847,3923.5,2833.5476
2025-09-10 18:29:05,1.3859,3924.13,2831.518
2025-09-11 18:29:07,1.3833,3896.27,2816.6181
2025-09-12 18:28:08,1.3855,3896.25,2812.2632
2025-09-13 18:28:05,1.3854,3891.4498,2809.0012
2025-09-14 18:28:07,1.3839,3893.7721,2813.5818
2025-09-15 18:28:09,1.3776,3908.07,2836.9405
2025-09-16 18:28:07,1.3738,3867.63,2815.289
2025-09-17 18:28:04,1.3771,3877.34,2815.5119
2025-09-18 18:29:04,1.3796,3894.25,2822.7487
2025-09-19 18:29:05,1.378,3892.32,2824.5129
2025-09-20 18:28:04,1.3781,3900.6513,2830.3532
2025-09-21 18:29:05,1.3783,3900.6513,2830.0349
2025-09-22 18:29:07,1.3824,3852.95,2787.1153
2025-09-23 18:29:05,1.3837,3862,2791.0271
2025-09-24 18:29:07,1.3897,3886.99,2796.949
2025-09-25 18:29:08,1.3944,3902,2798.286
2025-09-26 18:28:06,1.3942,3901.56,2798.3217
2025-09-27 18:29:06,1.3942,3893.9724,2792.9718
2025-09-28 18:29:08,1.3939,3893.9724,2793.611
2025-09-29 18:29:10,1.3913,3920.75,2818.0499
2025-09-30 18:29:09,1.3921,3926.5,2820.6298
2025-10-01 18:29:10,1.3939,3880.51,2784.0127
2025-10-02 18:28:08,1.3963,3885.88,2783.0733
2025-10-03 18:28:06,1.3966,3871.15,2771.7395
2025-10-04 18:29:06,1.3965,3884.1617,2781.255
2025-10-05 18:28:09,1.3963,3884.1617,2781.6633
2025-10-06 18:30:04,1.3945,3863.7,2770.601
2025-10-07 18:29:06,1.3953,3876.5,2778.2516
2025-10-08 18:30:07,1.3954,3889.25,2787.2236
2025-10-09 18:29:22,1.4021,3889.63,2774.0866
2025-10-10 18:29:26,1.4019,3921.75,2797.5532
2025-10-11 18:28:06,1.4018,3868.9836,2760.1096
2025-10-12 18:28:21,1.3996,3873.9825,2767.9271
2025-10-13 18:29:06,1.4038,3927.7461,2797.9186
2025-10-14 18:30:07,1.404,3925.25,2795.7223
2025-10-15 18:30:06,1.4044,3891.45,2770.8
2025-10-16 18:28:03,1.4047,3862.5,2749.766
2025-10-17 18:29:05,1.4022,3829.91,2731.2605
2025-10-18 18:29:03,1.4023,3856.7077,2750.1749
2025-10-19 18:30:04,1.4012,3856.7077,2752.3829
2025-10-20 18:30:06,1.4033,3883.5,2767.504
2025-10-21 18:31:14,1.402,3883.75,2770.1004
2025-10-22 18:29:04,1.3991,3911.2,2795.4115
2025-10-23 18:29:15,1.3988,3880.3,2773.9611
2025-10-24 18:30:07,1.4002,3866.25,2761.1141
